[
  {
    "id": "9a4b5302-18a6-40bb-8b5f-a9cede5ca7da",
    "data": [
      {
        "text": "What is the atomic number of ",
        "userDefined": false
      },
      {
        "text": "Hydrogen",
        "alias": "elements",
        "meta": "@elements",
        "userDefined": false
      },
      {
        "text": "?",
        "userDefined": false
      }
    ],
    "isTemplate": false,
    "count": 0,
    "updated": 1539865075
  },
  {
    "id": "84d17a46-1135-4f23-b765-048f12e1f562",
    "data": [
      {
        "text": "What is the atomic number of ",
        "userDefined": false
      },
      {
        "text": "Carbon",
        "alias": "elements",
        "meta": "@elements",
        "userDefined": false
      },
      {
        "text": "?",
        "userDefined": false
      }
    ],
    "isTemplate": false,
    "count": 0,
    "updated": 1539865075
  }
]