[
  {
    "id": "cfb18766-b566-49cc-a49f-c781250d842f",
    "data": [
      {
        "text": "Tell me the chemical symbol of ",
        "userDefined": false
      },
      {
        "text": "Nitrogen",
        "alias": "elements",
        "meta": "@elements",
        "userDefined": false
      }
    ],
    "isTemplate": false,
    "count": 0,
    "updated": 1539862385
  },
  {
    "id": "a507f89a-0b80-4038-9043-8c0faccf490e",
    "data": [
      {
        "text": "What is the chemical symbol of ",
        "userDefined": false
      },
      {
        "text": "Carbon",
        "alias": "elements",
        "meta": "@elements",
        "userDefined": false
      },
      {
        "text": "?",
        "userDefined": false
      }
    ],
    "isTemplate": false,
    "count": 0,
    "updated": 1539862385
  }
]