[
  {
    "id": "449a8831-9f83-4479-b523-65f8e4784eab",
    "data": [
      {
        "text": "Tell me the color of ",
        "userDefined": false
      },
      {
        "text": "Carbon",
        "alias": "elements",
        "meta": "@elements",
        "userDefined": true
      }
    ],
    "isTemplate": false,
    "count": 0,
    "updated": 1539862420
  },
  {
    "id": "ffe2ddd9-0b4d-4a8e-997b-a0badaeb8480",
    "data": [
      {
        "text": "What is the color of ",
        "userDefined": false
      },
      {
        "text": "Carbon",
        "alias": "elements",
        "meta": "@elements",
        "userDefined": true
      },
      {
        "text": "?",
        "userDefined": false
      }
    ],
    "isTemplate": false,
    "count": 0,
    "updated": 1539862420
  }
]